KEY 	 GAPS 	 MATCHES 	 ALL 	 OVERLAP_TYPE 
seq3_94-seq4_2	10.946851674855454806	22.289494600365121466	7.908260369310554619	Bad Overlap
