KEY 	 GAPS 	 MATCHES 	 ALL 	 OVERLAP_TYPE 
seq3_94-seq4_2	10.635187151429476395	21.930279499651938593	7.717859669725342385	Bad Overlap
