KEY 	 GAPS 	 MATCHES 	 ALL 	 OVERLAP_TYPE 
seq3_94-seq4_2	12.209081058698536953	23.700592430755293056	8.671004877978822176	Bad Overlap
