KEY 	 GAPS 	 MATCHES 	 ALL 	 OVERLAP_TYPE 
seq3_94-seq4_2	15.465467736684466629	27.071776019450134176	10.585362858162697145	Bad Overlap
