KEY 	 GAPS 	 MATCHES 	 ALL 	 OVERLAP_TYPE 
seq3_94-seq4_2	11.087882897755644167	22.450570527976252933	7.9941390969308261934	Bad Overlap
