KEY 	 GAPS 	 MATCHES 	 ALL 	 OVERLAP_TYPE 
seq3_94-seq4_2	9.604592343442690294	20.708299099941143092	7.081858926873104369	Bad Overlap
